[
  {
    "id": "21b910f1-05fd-4c58-9de0-f497da912abe",
    "data": [
      {
        "text": "order me a pizza in the ",
        "userDefined": false
      },
      {
        "text": "size",
        "meta": "@size",
        "alias": "size",
        "userDefined": true
      }
    ],
    "isTemplate": false,
    "count": 0,
    "lang": "en",
    "updated": 0
  },
  {
    "id": "529df01b-4161-4641-8e5f-7d3071ee32b2",
    "data": [
      {
        "text": "order me a pizza with ",
        "userDefined": false
      },
      {
        "text": "toppings",
        "meta": "@toppings",
        "alias": "toppings",
        "userDefined": true
      }
    ],
    "isTemplate": false,
    "count": 0,
    "lang": "en",
    "updated": 0
  },
  {
    "id": "94000eaa-eabb-47cb-8e5b-eeda1da26be5",
    "data": [
      {
        "text": "order me pizza ",
        "userDefined": false
      },
      {
        "text": "here",
        "meta": "@sys.address",
        "alias": "address",
        "userDefined": true
      }
    ],
    "isTemplate": false,
    "count": 0,
    "lang": "en",
    "updated": 0
  },
  {
    "id": "ee346415-92fd-4ac8-99c5-c2360a0b7375",
    "data": [
      {
        "text": "order me pizza ",
        "userDefined": false
      },
      {
        "text": "on",
        "meta": "@sys.time-period",
        "alias": "time-period",
        "userDefined": true
      }
    ],
    "isTemplate": false,
    "count": 0,
    "lang": "en",
    "updated": 0
  },
  {
    "id": "9de81bb0-9f6d-4fed-b45d-4d62b5727834",
    "data": [
      {
        "text": "order me a pizza on the email ID of kunjan@",
        "userDefined": false
      },
      {
        "text": "gmail",
        "meta": "@sys.email",
        "alias": "email",
        "userDefined": true
      },
      {
        "text": ".com",
        "userDefined": false
      }
    ],
    "isTemplate": false,
    "count": 0,
    "lang": "en",
    "updated": 0
  },
  {
    "id": "7f646db0-4c27-4a52-8fa3-c5cb3fce1a30",
    "data": [
      {
        "text": "order me a pizza for the ",
        "userDefined": false
      },
      {
        "text": "8200475997",
        "meta": "@sys.phone-number",
        "alias": "phone-number",
        "userDefined": true
      }
    ],
    "isTemplate": false,
    "count": 0,
    "lang": "en",
    "updated": 0
  },
  {
    "id": "54fe7935-3b3f-4d5c-9fac-7cd66b2dd5be",
    "data": [
      {
        "text": "order me a pizza",
        "userDefined": false
      }
    ],
    "isTemplate": false,
    "count": 0,
    "lang": "en",
    "updated": 0
  }
]