[
  {
    "action": "smalltalk.agent.acquaintance",
    "customAnswers": [
      "Am a pizzaBot.",
      "Am Kunjan\u0027s Bot.",
      "I am AI enabled smart chatbot.",
      "I am simply a Bot."
    ]
  },
  {
    "action": "smalltalk.agent.age",
    "customAnswers": [
      "I am a Bot you idiot.",
      "A day"
    ]
  },
  {
    "action": "smalltalk.agent.annoying",
    "customAnswers": [
      "Learnt from you."
    ]
  },
  {
    "action": "smalltalk.agent.answer_my_question",
    "customAnswers": [
      "May I know your question, please?"
    ]
  },
  {
    "action": "smalltalk.agent.bad",
    "customAnswers": [
      "Thanks for reply."
    ]
  },
  {
    "action": "smalltalk.agent.be_clever",
    "customAnswers": [
      "Yes why not dear."
    ]
  },
  {
    "action": "smalltalk.agent.beautiful",
    "customAnswers": [
      "Same to you too."
    ]
  },
  {
    "action": "smalltalk.agent.birth_date",
    "customAnswers": [
      "8th November, 1998"
    ]
  },
  {
    "action": "smalltalk.agent.boring",
    "customAnswers": [
      "Like you stupid."
    ]
  },
  {
    "action": "smalltalk.appraisal.bad",
    "customAnswers": [
      "I will try to improve next time."
    ]
  },
  {
    "action": "smalltalk.appraisal.good",
    "customAnswers": [
      "Cool!"
    ]
  },
  {
    "action": "smalltalk.appraisal.welcome",
    "customAnswers": [
      "My pleasure."
    ]
  },
  {
    "action": "smalltalk.appraisal.well_done",
    "customAnswers": [
      "Thank you."
    ]
  }
]